PLAYER_NAME,DRAFT_NUMBER,active_cap,dead_cap,OWNER_NET_WORTH_B,Capacity,STADIUM_YEAR_OPENED,STADIUM_COST,Followers,Age,is_USA
LeBron James,0.1464449667763684,0.11715143862765015,0.1414742291149325,0.14193292929569762,0.14250257484360324,0.1487257842493436,0.1501204794657893,1.0,0.2577470689366746,0.1317017679587615
Chris Paul,0.1460711874304958,0.14687623826999432,0.14447331822864934,0.14082743325571143,0.1397347676542813,0.13927591001503306,0.14209819689531536,0.14229025473888826,0.1641253564074796,0.1397125594196487
Kyle Lowry,0.142302903421394,0.14388203608368172,0.13484250968640496,0.1407596536646245,0.14303043999254603,0.14060198892811265,0.14139138897297465,0.1383993756233341,0.13947527214139438,0.13943735018304804
P.J. Tucker,0.138448005940282,0.1352384495493853,0.13556228782998495,0.14090334121810122,0.14148577207888008,0.14339232530059376,0.1419086748162801,0.14342186777342844,0.1528495202648989,0.13805676916940168
Kevin Durant,0.14556975550238446,0.1487257976522404,0.14296509385855613,0.14098722911533132,0.1379230768775094,0.14115195746018017,0.14262702132377558,0.15839827231973425,0.1961797566697563,0.13799157955844205
Al Horford,0.1471938565867136,0.13540292129736747,0.13860203391063897,0.1408032134509087,0.14075400138653593,0.1415904789804813,0.140818016735042,0.13503035898872076,0.1633082738200671,0.14856422007304101
Mike Conley,0.1554751271946325,0.12819492255078097,0.14198862605918866,0.14086294242262798,0.13974986557935495,0.1456809405318973,0.1417323925045821,0.13980355234888828,0.19149049627811085,0.1392471477230854
Jeff Green,0.15953399121615777,0.13180573397281975,0.1343932358033804,0.14061294215620318,0.14228666095619555,0.14503756150044095,0.14114462445533205,0.13967396435683294,0.16553590849648492,0.13586286417572924
Russell Westbrook,0.15018634321540922,0.11746133925516848,0.12691955296176705,0.1405323847987758,0.14191028419759943,0.14534912848376455,0.1426046963494921,0.21036729207551408,0.17524590456166805,0.1384489678326511
Kevin Love,0.1469617417682431,0.138433061784839,0.13927239115505732,0.14067554606479504,0.1406778256956199,0.14007446922800268,0.14062712654801404,0.14056713511623944,0.15250563599931757,0.13775827713993852
Eric Gordon,0.17344701967242865,0.1380055992049026,0.1259948168054126,0.14234166446892405,0.14409032868140972,0.15297610704894235,0.15079762802953334,0.14090096196009952,0.17126368554831572,0.13594037386491148
Brook Lopez,0.14584115644545714,0.13767758770014338,0.14175375041761307,0.14073743460712354,0.13851559568918864,0.13232879168779677,0.13925320113008402,0.13627404358220932,0.16695333889542127,0.13503077799510926
Nicolas Batum,0.1385168002552947,0.13836513370938153,0.1385619647028953,0.14012925298475062,0.1406834978951415,0.1290945181076907,0.13469244775341405,0.1417212446269706,0.16532469047153386,0.1504994383199093
DeAndre Jordan,0.13618215968262548,0.13372231573189436,0.136105524632692,0.14059016405616995,0.14171984831655565,0.14360985055463524,0.14167015726076848,0.1448428083012908,0.16280483510276889,0.13572005593388203
James Harden,0.1459561496720639,0.14735618945668696,0.14001688236374538,0.140486481824478,0.14038116997425784,0.13443768677229087,0.13867498077615026,0.13688621895477973,0.16031172171303876,0.13930888151391072
Stephen Curry,0.14135417653185695,0.13562811779435283,0.1276673531436654,0.1410380826220754,0.13742399732501065,0.11567585705288622,0.12975865654043525,0.4375742145052893,0.2344750790774804,0.13932298042847555
DeMar DeRozan,0.14417200698112168,0.14460153840994214,0.13735216933681987,0.14083244529802816,0.13751575099425073,0.1337840185531041,0.13960417490017135,0.13949781676181525,0.1551674615670232,0.13944270244553408
James Johnson,0.14627408286873878,0.14696065355827045,0.1384470125893459,0.14087186378489971,0.13919496911828083,0.14194855667548992,0.14176525212743968,0.13780497155382154,0.15876895384804407,0.13908385013224545
Jrue Holiday,0.14327827930724657,0.13477442070072276,0.1611257927671933,0.1408563092749422,0.14093898783376982,0.14493803435750205,0.14186266839650252,0.14077860693821606,0.14251576957235879,0.13895496774678268
Taj Gibson,0.1433876120064211,0.15490679578092253,0.15075937925466454,0.1408580805256026,0.1402966886217861,0.1382420697880733,0.14124376010857045,0.14070233792240974,0.1824150666351919,0.1343542322054918
Patty Mills,0.1333106330604919,0.13976276955339628,0.1403114856779948,0.14044125690072168,0.13923057028746172,0.13267952003504932,0.13796901686358742,0.14332137556325258,0.17385823167487932,0.14750934590430392
Paul George,0.13982214340404267,0.12898258827739661,0.12695544179364782,0.1407055343364568,0.14520531560734146,0.14947860976058427,0.14216337159642894,0.18284930261693466,0.19098776615090382,0.1366466897529629
Kyrie Irving,0.14508550403731194,0.13921336512032617,0.13912287511001087,0.14043644995608498,0.1414455992131225,0.1413499706167069,0.13969091924358695,0.14533487784938473,0.1529978780941929,0.1504965115071223
Tristan Thompson,0.15035983442330975,0.14294060926723148,0.13537561268396212,0.14042434009152885,0.1407312858355613,0.14589439788587744,0.14191050915607414,0.15146447873944696,0.14459612674501215,0.14706062043760942
Jonas Valančiūnas,0.1497722064481795,0.13306439474007425,0.13497325953116776,0.14081396867307044,0.13962634382394415,0.13150817219486252,0.13967491852928263,0.1400966634788799,0.16888102298280655,0.1456705043368715
Bismack Biyombo,0.15473392025023208,0.14885340101120031,0.144842328634039,0.1408184688051085,0.1409697200617628,0.14142084446804498,0.14121395427360317,0.13997572575052125,0.16236491988059756,0.14906118337971971
Klay Thompson,0.1427471417772406,0.13839158947098237,0.1359054173429165,0.14031171585845867,0.14262611441209894,0.1419577194192042,0.13998376573500615,0.15134579336465848,0.1503690309163134,0.13802281023899302
Alec Burks,0.1579007781393968,0.14123124622480177,0.1438894484809194,0.1407705056356428,0.1427183649259691,0.14283557032268493,0.140824625350141,0.13997031299488788,0.17190585016838433,0.1381783230268251
Markieff Morris,0.14463182097429567,0.13712482251661007,0.14111417724569197,0.14053822106534095,0.14049143321614851,0.13784570518884232,0.14021463589078736,0.13985211237187117,0.14374971841093398,0.1397330116390104
Kawhi Leonard,0.14315061697699197,0.16429883374790952,0.13621849218391363,0.1392106775967017,0.1390900584731364,0.1000029723412296,0.12285583645922096,0.11249561099107688,0.19477404543057136,0.12965187600748504
Nikola Vučević,0.13672055477134315,0.14289206764376727,0.14743051660261458,0.1407920972779806,0.14381322088554643,0.14907575032842524,0.14184866893952502,0.13575701552992803,0.15978061249058814,0.1513837552599177
Tobias Harris,0.13724738967023023,0.16605016994748903,0.15109362656980682,0.14071405324614264,0.14436805736277794,0.12736549989548737,0.13788334855749948,0.14046479482080698,0.18018728221341002,0.13920809830208475
Cory Joseph,0.14474515800156704,0.1559875409828193,0.1312873074540401,0.14101315913483595,0.13752238150155754,0.12229796118332247,0.1407862121143877,0.1394140044878897,0.20048194162027047,0.15908712530768532
Anthony Davis,0.14423738832353017,0.13939124629275,0.1386334772045144,0.1405537580682983,0.14100073417319614,0.14222498825679888,0.13998633481036798,0.1430462846599144,0.14878951213029312,0.13673310169356923
Bradley Beal,0.15000450906722015,0.13628391469790163,0.1428621092778986,0.1407332640342839,0.13800412927406733,0.13781768493678725,0.1411688941465827,0.1396761277291019,0.14089765944282406,0.13292493990672571
Damian Lillard,0.14092838821720896,0.12267881699854963,0.12060579792759943,0.14102125650076236,0.13528246871089508,0.12199061565323893,0.13944738142530105,0.14515715852622724,0.18315424690301035,0.1359220493782621
Andre Drummond,0.14692710576785262,0.13601067954074458,0.1340695573483263,0.1406805577216706,0.14309908136984137,0.14578314959040012,0.14138202645539943,0.14094047421317643,0.1395546287668024,0.13453981546606014
Harrison Barnes,0.15194787830076914,0.15060735558904387,0.14663063223948886,0.14086215953465483,0.1411582350709072,0.14391419085287613,0.14169426324826354,0.1441911833003351,0.17650316583527298,0.13871160541336205
Jae Crowder,0.1312977262113814,0.14474993334169803,0.1367771041354712,0.14090862858209152,0.1387468395811001,0.12961903987494594,0.13995584621394547,0.13970313075149798,0.15040196144040996,0.1371618841323953
Draymond Green,0.12377908987386521,0.14253258289425405,0.13537414926836433,0.1408072336173274,0.13938112518943566,0.12794116171840803,0.13566494503687032,0.14437416553722843,0.14845373863595013,0.13692712152909228
Khris Middleton,0.12531152534053264,0.14071871854954981,0.14236338782735358,0.14076128390032164,0.14233201464450207,0.14266090095293785,0.1401993394166434,0.13852088961464482,0.15524130108990186,0.13907350282075412
Alex Len,0.15493599335357852,0.13375249577591342,0.13803319179718465,0.14057145488050654,0.14157505186962066,0.14212304710376397,0.14089868674000663,0.13952786017225388,0.14592503406645288,0.14411715659002258
CJ McCollum,0.14594047126441323,0.13133703326374238,0.13496874050011964,0.14078847137627198,0.13744832556153877,0.14486971387864322,0.1421665509989237,0.14198361424915004,0.1821791363361154,0.13624326001746756
Dennis Schröder,0.14100141541414715,0.15110212532251838,0.14189674437367955,0.14067858554198595,0.14350579000376001,0.12802289856509028,0.1373939921031472,0.1514172099931137,0.16732331735481135,0.1544462200915996
Kelly Olynyk,0.1516110210759471,0.13525691358292977,0.1323472884154074,0.1406816405296961,0.13626494222496158,0.1446381265969004,0.14246242633515793,0.1410048589621892,0.1820836419865276,0.1477251590849838
Kentavious Caldwell-Pope,0.15248233729285796,0.14403002982925245,0.14361203272565604,0.140578957507111,0.13899572638108906,0.13771197265163898,0.1411547826276428,0.1443832981703663,0.14640723495805444,0.1384130310312109
Mason Plumlee,0.14532518096040087,0.14491275688912136,0.14789363576317655,0.14071736808410146,0.14015140047304847,0.1473208431993916,0.14222875251079103,0.1392787670948312,0.17097035769352936,0.13616525556558134
Rudy Gobert,0.13730280237067907,0.13131712962979608,0.14166093872842342,0.14081030724319943,0.14086419218781476,0.143438442460907,0.14265990218010677,0.1405552384532364,0.16095637209582025,0.145803633011074
Steven Adams,0.15416186641921506,0.13595307827091302,0.1530988765035051,0.14087892613634334,0.13846450251233153,0.13727595519153343,0.1411844677747564,0.14303977416394856,0.14928640499000523,0.14413434611531248
Giannis Antetokounmpo,0.13164332465473774,0.12966887776597516,0.1691721863098901,0.14093515126282122,0.13632246239978996,0.11951227615879909,0.13880608476606585,0.1683904216162409,0.13136371060376428,0.15961558158824404
Zach LaVine,0.13879038063451044,0.13567116410177124,0.13481818642431898,0.14091725259153218,0.13987907412485492,0.1333160876321674,0.1398201444102185,0.14361931896760277,0.13797109756337994,0.1380969201457398
Elfrid Payton,0.14576734185451126,0.1422316612455787,0.13745272111647724,0.14078012971589143,0.13945304869551883,0.14317101476637006,0.14137909282943248,0.1381629721604399,0.1493287671538878,0.1380025839925536
Jordan Clarkson,0.1326676219031682,0.1487530226315936,0.14937761557513363,0.1407893800883949,0.13933659733364917,0.15010591999017653,0.14178110315311607,0.1466532903561818,0.17424978947586672,0.13898335754663396
Gary Harris,0.14271799193994755,0.15013285630356837,0.1363934720783416,0.14078190564485632,0.13930989373774338,0.13554824176772862,0.14093527793777688,0.14020631315700274,0.14287196959427567,0.13748359101776492
Spencer Dinwiddie,0.1278697859422343,0.13476402116040193,0.13324236439303488,0.14045858668723799,0.14111834561803627,0.1427939409265026,0.14085833651009697,0.14006159280436423,0.13875654111114438,0.1396678611226239
Jerami Grant,0.13082692601821355,0.13927879971142876,0.13274093081885432,0.14112580231058905,0.14171828514061366,0.14788066690141854,0.1414933397494745,0.13768060683769615,0.14267307353815906,0.138411505646687
Doug McDermott,0.15236727408375356,0.14443798522590703,0.13852049147851475,0.14081321900294513,0.13882152142180765,0.13290651977595822,0.13997065564097674,0.14121981690716318,0.15257213568422684,0.13788669892816835
Aaron Gordon,0.14724042912371474,0.13257318727221287,0.1468909012165032,0.14073247202163558,0.1418156639573536,0.1413358818603868,0.14124574631940842,0.14505585761507908,0.14116447365262613,0.13887435566681536
Marcus Smart,0.15132740204521536,0.13995413490878167,0.14116471532790498,0.14076211213411208,0.14133124581015374,0.14519833247304226,0.1417389688426343,0.14003613309260135,0.15721689084603302,0.1388167788564733
Kyle Anderson,0.13302605984045313,0.13736312326975644,0.13031792333183442,0.14068862759513218,0.1419342158728454,0.13730170070014278,0.14166398206994255,0.13958444312262447,0.1642253779277188,0.13800620557721274
Dwight Powell,0.14114876156061273,0.14156698727013034,0.13298531755242426,0.14076594172261467,0.14115403823305223,0.14207330631492007,0.14106714100888676,0.1400146785681086,0.16594859112827046,0.1458534142929185
Julius Randle,0.14548844068043146,0.12883593752981393,0.14036488733185457,0.1407521851860895,0.14085211889730123,0.15472626580701643,0.14317028856162603,0.14037794016372254,0.14836935710755164,0.13454223464632276
Andrew Wiggins,0.15055969292298182,0.13106377876842962,0.12423263681110673,0.1407323496627593,0.14273249460536025,0.1438850990608613,0.14179683838862106,0.14527997078061014,0.15196780575470412,0.15432608635481712
Joel Embiid,0.14860950151514596,0.12666101596348486,0.09659916025113138,0.14073042089384788,0.14490627552343824,0.14868132198312967,0.14243229640787688,0.15544363021836163,0.15987372704478925,0.1576511813391189
Danté Exum,0.15832226983374129,0.1346693921646236,0.13427107450614081,0.1404245367386485,0.14069687734266947,0.14035900117775146,0.14017632348194975,0.1412154522093053,0.15956511992853645,0.15395032390458527
Dario Šarić,0.1493175216711089,0.1328150760930392,0.14212653054726954,0.14068293808419782,0.14163385298598288,0.14336700862816562,0.14203750262111467,0.13947743135909194,0.1261055206351313,0.14725346953720986
Clint Capela,0.13762293845082055,0.14210487979006944,0.14591010186724324,0.14061042848580219,0.13699770203115041,0.1402398853588388,0.14028291395777617,0.14283772605625392,0.17038005395826603,0.14703959651194098
Bogdan Bogdanović,0.13999751050705814,0.1377324051149965,0.1357905975641375,0.13939751504419476,0.14046838216360752,0.11661480156778728,0.13110795459089938,0.14396154285586027,0.1907452475092412,0.1604305732352271
Jusuf Nurkić,0.14409127310562425,0.1469735275498784,0.1609280000608398,0.14086246847409553,0.1412748747742249,0.13784662313322738,0.14149121471317816,0.14023554763791338,0.1535421265877079,0.14400661783469954
Vasilije Micic,0.12958455098691843,0.1465275066135743,0.13664346843171715,0.14080640698614563,0.13963176854871287,0.14216052511915442,0.1412108727295549,0.13962522746559652,0.1513706559786772,0.14887372438950972
Nikola Jokić,0.09906386616176623,0.1242034298941467,0.12942969248676617,0.14202396300085574,0.14473324840108429,0.15167406861401186,0.14989521755821122,0.07309774021519659,0.15447073019688562,0.16402681199096544
Kristaps Porziņģis,0.14988693912750242,0.13058580434425518,0.14056756473128892,0.14079143386284695,0.14099735482220815,0.14801417922214136,0.14251088777555726,0.14355388182476228,0.13568964106199485,0.14778481861359422
Tyus Jones,0.13618020463363997,0.14292136321461427,0.14306431228313807,0.1406742431356298,0.1375254775096956,0.13389251064078145,0.14072071131623076,0.1400429786205564,0.13982849581238818,0.13885267015359895
Delon Wright,0.14311320731076418,0.1285078472129369,0.13775894808616207,0.14085171445363595,0.14171645193738286,0.15451076268724412,0.14234644796002166,0.14030594854810224,0.17574553281162053,0.13917244029342557
D'Angelo Russell,0.1513463372765984,0.16989531980753683,0.18369328204468122,0.14068877293401735,0.13759570694802772,0.12735658507614966,0.13583460225813174,0.14508430320567473,0.12024261865812408,0.13469830966837767
Karl-Anthony Towns,0.14714405167731875,0.12780026767895827,0.13700944958963776,0.14151469842466824,0.14359235902349082,0.1916891276367077,0.1429143877187655,0.11705441076075404,0.1308891247175813,0.12755487346497008
Richaun Holmes,0.12911638147341578,0.14146138951899306,0.14398229880111818,0.14084462292150207,0.1425026697149894,0.14490618117578966,0.14087227365198138,0.14047476749500207,0.15304007506389017,0.13027818398702562
Devin Booker,0.14137401244299347,0.14839188323163996,0.1390530832400238,0.14068337428611594,0.13732144506854216,0.14817637940446166,0.1422091353958827,0.12379825660903952,0.09424337328316917,0.1339263867822032
Cameron Payne,0.14950676587282144,0.13672720257744922,0.1362132747993688,0.14089671978062424,0.14165295917647744,0.15534414630721918,0.14207307091139296,0.13854798890782274,0.14922951279080418,0.13906171815101767
Myles Turner,0.14545532019727606,0.14537683869175036,0.13888198997828283,0.1407608675610025,0.13856671134980408,0.14407089880628615,0.14228684233518862,0.14036901816595418,0.146364629358328,0.13529820258861758
Trey Lyles,0.1497124081537241,0.14138294154144526,0.13510786681777343,0.14082350875556665,0.13852430285675799,0.12500538400879882,0.13889080467586443,0.140601315370735,0.1453503978690606,0.14687604426208548
Bobby Portis,0.13381843729296358,0.12859395179768396,0.13328095550630334,0.14071910402116802,0.13817406936194174,0.12282696562194553,0.14035269957909158,0.1394422103346626,0.1505608058852545,0.13605124338947894
Kevon Looney,0.13489816947103656,0.13908024699433005,0.13178134770962593,0.14078793954895008,0.13961683935511446,0.13363447872882428,0.13862525235880824,0.14129015009942827,0.1387931591310972,0.137459210586619
Terry Rozier,0.15093016819988875,0.1283104162312689,0.12584716752532066,0.14087495434392788,0.14216141270964852,0.14678753701491698,0.14175129421217397,0.14098342262292396,0.17850771280145772,0.13872595211148045
Norman Powell,0.11974532511592718,0.14608138919900926,0.13831841140839,0.14009659686682344,0.13811805173969724,0.12280518070795576,0.13597411272705145,0.13832252246534257,0.16311046774960197,0.13600160425347915
Pat Connaughton,0.12996440212981683,0.1299760465261364,0.14331518185483635,0.14069862683799728,0.13633133161512098,0.12300901809012622,0.13878993582932603,0.14088856169473252,0.18801599497831661,0.13837860469787208
Ben Simmons,0.15373542561927434,0.14209974223870347,0.13069688733946344,0.1403815603429601,0.14038218857345952,0.1261852350758236,0.13719461480469072,0.14567409942654758,0.12152138464921716,0.1474321072073991
Domantas Sabonis,0.14248535774334004,0.14394359213953234,0.13709789617229998,0.14083009993371062,0.13932659190475988,0.1290246189189496,0.13996948364032835,0.1371944407893858,0.14118190590186763,0.14443922112090946
Malik Beasley,0.1400902463319253,0.15091780147450262,0.14818349683366797,0.14066395498055748,0.14276065115317263,0.12460566924364203,0.1380894520022644,0.13932528341517883,0.14599824452895935,0.1394141600452628
Kris Dunn,0.15583769710764397,0.1474807952764476,0.13883912392468362,0.13976359962660895,0.14013318879023415,0.12744463204486542,0.1346360766974251,0.13836579524744072,0.1711539499729599,0.13777223310943826
Buddy Hield,0.15344950671575172,0.13632766191265067,0.13267746548765952,0.1407312822636455,0.13947613092677977,0.13225700149008682,0.13674545676101818,0.142666080059995,0.17873359417166182,0.14698389931203823
Brandon Ingram,0.14994879265970956,0.14381228062510362,0.14822409061407937,0.14085081464108698,0.14206047388982596,0.14079279050678326,0.1410024537884915,0.1409554859853152,0.13068133409165375,0.1377098896264905
Caris LeVert,0.1405620031156374,0.14488946115429316,0.1424443436151025,0.1406693020889561,0.13619183183819417,0.1396444217305174,0.1400762042038164,0.14004680725706067,0.17280784096384347,0.13933701175892013
Dejounte Murray,0.1346909941606762,0.1293348855182294,0.13486743228420578,0.1406834833175536,0.13834842552002138,0.1437417918421715,0.1416933170928583,0.14050942523407284,0.14239555038139687,0.13680737539089166
Jamal Murray,0.146015874424582,0.1323666294471898,0.15528345779253058,0.14067527895156506,0.14161159536761103,0.1434010430174646,0.14082028619781986,0.14302811508645585,0.13173344624212285,0.15363476300400356
Jakob Poeltl,0.14875994673028117,0.13939685912975117,0.14053964411650707,0.14083771450080407,0.14298845429074228,0.14578880083929177,0.14151416959352056,0.13992624459309452,0.16056587030322175,0.14912267632475057
Taurean Prince,0.14485702649549703,0.13690134542443008,0.1452981876801373,0.14081814884145885,0.13833910804090835,0.13162586338806884,0.13982231132986875,0.14068834738872651,0.14399272905803168,0.13896353624660457
Jaylen Brown,0.15031642230353176,0.12641308676929075,0.14413778189685972,0.1408952829578731,0.1412489139510651,0.14916686486795944,0.14237690721333784,0.14120669661242122,0.11284926601255373,0.13835112290692103
Malcolm Brogdon,0.13454093758272342,0.14055759810634982,0.13982049431154145,0.14075352408611086,0.14214178118770016,0.14173814847531657,0.14053446018037152,0.1385304088570916,0.16352740237158608,0.1394174722658336
Georges Niang,0.12240442582411996,0.1449667597680003,0.1473077278091852,0.14087616999350622,0.13701078576512815,0.1406623958021375,0.14160757606374433,0.13977006306703682,0.1755824529007592,0.13984643351911244
Pascal Siakam,0.12501230714630157,0.14782380851575308,0.13911113007865036,0.14089188569264696,0.13740278409501314,0.15392881390552957,0.14483385461777942,0.13888443887455726,0.14810882993377578,0.16037027423510958
Guerschon Yabusele,0.14145735847734583,0.13550568113572212,0.12115428255803024,0.14067960047680125,0.14533546833945638,0.14651023511944172,0.14156569193497542,0.13963735572902458,0.14572464298782065,0.14663759986673877
Ivica Zubac,0.13163946515072467,0.14909611163916228,0.1444665307849973,0.1401620435892893,0.14033892854499408,0.1363541817847561,0.1368894193672262,0.13938342461690148,0.12764377583123934,0.14503749336089897
Markelle Fultz,0.15643800432099933,0.14650110064428037,0.13631347079630593,0.14097256386802656,0.13910754322948962,0.13427022822035747,0.14115044353559303,0.13961276572162062,0.13510539731157614,0.13751644946918004
Lonzo Ball,0.15509885810447582,0.143923239859176,0.1448397991523149,0.14080898066244193,0.1418337026858735,0.14703065014076913,0.14271384783860272,0.15635731030072883,0.14297259998976664,0.1388539376435079
De'Aaron Fox,0.14990829465137126,0.14509124428641787,0.13825201694792413,0.14079673028152845,0.13936151747035028,0.13776402046305278,0.14167511778834482,0.14045585524882304,0.13001341755338505,0.1396891220538585
Jayson Tatum,0.14465256935886822,0.13419882082961715,0.13677471273999203,0.14085313843641362,0.14022872050445948,0.14102303506264616,0.14118245308994157,0.1420023339667353,0.12857149250510133,0.1377792288448356
Malik Monk,0.14662671348388112,0.14211244745780452,0.13490554903066615,0.1408159130131825,0.13807046977747892,0.12938068269979397,0.1395439634491501,0.13945737957717774,0.13066649916681392,0.1382157945842138
Jonathan Isaac,0.14911939943768363,0.14928157027716357,0.1463670850394276,0.14075330852869458,0.13901035222183222,0.1297607156605185,0.14048572615491367,0.141601765862792,0.138019824390819,0.13736747093121873
Lauri Markkanen,0.1449273896946882,0.15789797877639278,0.1485020570612006,0.1407899921475386,0.14077341704739213,0.15342063146389875,0.1425585205435627,0.13667991793006348,0.1366696552674707,0.16394671154518287
Donovan Mitchell,0.14174889764073506,0.14223020393844876,0.13688574036835538,0.1404653391767321,0.1416266899464684,0.14621235229163435,0.14159094366642297,0.14224356001241256,0.13073595349103578,0.13943622091562874
Luke Kennard,0.1534441044745009,0.1448898996969464,0.14595215230056977,0.14047422206937052,0.14057489539755202,0.13801824836066837,0.14052479019207076,0.14036935182287144,0.1610999945886756,0.13965595326369917
Zach Collins,0.15195837144600555,0.1418666481029222,0.1451867001883535,0.14072497860950978,0.14517737902129088,0.1469380182658047,0.14154998483733702,0.1405669404017478,0.1565318286586202,0.13688440718270262
John Collins,0.14224633448784213,0.15400622849804704,0.15482215868569654,0.14081903173987684,0.14013437787045954,0.15142625651655447,0.14279260088033513,0.13897235931920368,0.15334854672846163,0.1343712949097979
OG Anunoby,0.1309402711729108,0.14078229568945977,0.13539882594134098,0.14081881233565813,0.14215584673184312,0.15819009985343074,0.14261372236164677,0.13980716177626104,0.12035639237722491,0.14891111235138466
Jarrett Allen,0.14053709724782543,0.14302395821684416,0.13560203021011474,0.14052710547039868,0.1415407521285714,0.1475936127211355,0.14138227781402038,0.13814782902631406,0.12644161038962104,0.1375072544096072
Bam Adebayo,0.1357213311475124,0.13222792307841916,0.1343943523350489,0.1406725832457885,0.14175627960275744,0.1440168255003051,0.14150029681784124,0.14113950482291174,0.13315973850394652,0.13580992638490302
Isaiah Hartenstein,0.13594190154865277,0.14534900729809777,0.13771398947800534,0.14085706458898292,0.1406565703955925,0.1412476600120278,0.14312284744831114,0.14038000903779357,0.133693717018172,0.14519082002489803
Tony Bradley,0.14638132229500697,0.13750384507973362,0.13915738602549707,0.14081145213866772,0.14010472442814909,0.14169724473257042,0.14189876071842283,0.14039583182480106,0.13964571968642045,0.13565781008045916
Kyle Kuzma,0.14013885134859808,0.1292996987502667,0.12724494047383092,0.14071937646390206,0.1379293482663789,0.12473151817001032,0.13851051985450213,0.15014138521126505,0.16786925984693288,0.1392628940453309
Derrick White,0.13305242370501166,0.13473084661418522,0.13595976713614694,0.1408109635520819,0.14075439644377857,0.13831998470353765,0.1417578777756989,0.14029978202991603,0.15071209540393488,0.13776624818893193
Josh Hart,0.12791967533514687,0.13457250352782132,0.13314354225999284,0.14074555654856488,0.14304507006102124,0.15332783480150397,0.14179387483148853,0.14336617142066388,0.15446379930880655,0.13525418601974368
Dillon Brooks,0.1228023596768965,0.14140934021849713,0.139555531031377,0.14082852584999664,0.13812100471245778,0.14800283173556722,0.14220171467314738,0.1391835406167878,0.12845985303083826,0.1518372723224867
Thomas Bryant,0.126828023708068,0.1354523136144719,0.13603439997751818,0.14073895118108654,0.13779194680063658,0.1407080228347635,0.14054967603780555,0.1406465619581917,0.14103967170993378,0.1348475183031292
Vlatko Čančar,0.13265693229883888,0.13616506770406148,0.14963844661210826,0.1406988430730184,0.1408565992347538,0.14377531314974315,0.1414939438902947,0.13975776198359993,0.14011802212872193,0.1479895364701121
Grayson Allen,0.14126771662460405,0.1450824365477385,0.14248220348724505,0.14073244841604726,0.14010755714241402,0.13995526023047256,0.14132981284243376,0.1411695956701212,0.15649024957204474,0.1378486530557852
Mikal Bridges,0.14986707458201476,0.13685115721566524,0.13429644479015318,0.14077975910021023,0.14134026593066798,0.1436019978222855,0.14159026949941417,0.1407596253667695,0.14445444451385125,0.13858838125182457
Miles Bridges,0.14245330737743372,0.14677198101550998,0.15511186205516211,0.14081291808025434,0.14138090753782828,0.13794534037045514,0.1416900513904331,0.13884573622441138,0.11844301905033564,0.13625536829961277
Jalen Brunson,0.12966409109868107,0.13445929816737257,0.1361633123671307,0.14079936531658954,0.14180208015732734,0.14899463241112632,0.14182488729449969,0.13832566434967808,0.14387776355120518,0.1387200202455748
Jevon Carter,0.13710567257001316,0.1454473781900044,0.14447994978601297,0.14078505653786855,0.14152766204678524,0.1388775179239196,0.14169126899851117,0.13819265155662755,0.1633876285652721,0.1396841494519737
Donte DiVincenzo,0.1415038202428084,0.12473451655173179,0.13470422446246047,0.140776033432008,0.14136216801071924,0.15627202746397295,0.14386633756130696,0.1390700098447638,0.13144136677635646,0.13707186695456686
Shai Gilgeous-Alexander,0.16093255623971392,0.14375264824387737,0.10226280007526804,0.14168027443236944,0.1381580814230029,0.14494760398944032,0.14404805879107999,0.1340584196019411,0.11072174867822558,0.15843997195383766
Aaron Holiday,0.15041645638672074,0.14572194142939232,0.1464826655689204,0.1407947478473592,0.14340093104340307,0.14597574947984038,0.1419272286433718,0.14045270077728483,0.15094481738054286,0.13905457878755942
Kevin Huerter,0.15111123221643843,0.14479081356333157,0.14948409910885035,0.14102966836963823,0.14617815860777567,0.14873349884743964,0.14178729361876222,0.1395687092502386,0.13571632497658026,0.13899827764906625
Cody Martin,0.1344418791553088,0.14524566552228596,0.14342161967795994,0.1407731460017357,0.14036777577158646,0.1420630794040743,0.14180576962502883,0.13921485007287618,0.16309707858996073,0.136964841285424
De'Anthony Melton,0.13537961500296186,0.15029996398700432,0.15325173208088735,0.14076462830454764,0.13906680137576277,0.13697269001376416,0.13852806237360146,0.13897007283031895,0.14627605782549655,0.13727079632343195
Shake Milton,0.11615619296223074,0.1293381063009317,0.13588350462704532,0.14041251870425556,0.14068519499604581,0.14429883912514704,0.13996584012042151,0.1405155902675195,0.13063633601147168,0.1369449832910808
Josh Okogie,0.15139235080703345,0.1534438382780917,0.15639431276268442,0.1408668463818527,0.14121937972073204,0.13847040522322074,0.14202026044742336,0.1406367535055863,0.13792460304917828,0.1495820024008838
Mitchell Robinson,0.13481771614380356,0.1386699452300937,0.13596887522396633,0.14078401158663673,0.14170185566743393,0.15280886873422744,0.1420092501456356,0.14124328130648897,0.13323375463837137,0.13630066055079793
Collin Sexton,0.14996178086168888,0.15154909472779377,0.14396072032559717,0.14075805806241654,0.13884211942122712,0.14491133651446358,0.1423235350747982,0.1377782693866957,0.11895781159220702,0.13639050575289738
Landry Shamet,0.1426696872178532,0.12710463343862097,0.13416972377069813,0.1408571369282246,0.1439547176775721,0.16053480292205255,0.14289542019283705,0.139942410197259,0.15265931315122253,0.1363701102075686
Anfernee Simons,0.13056326483296174,0.13499324196149473,0.1301055737319305,0.1408511214733218,0.14136152345982197,0.14624272049217318,0.1417261767078214,0.13752085497836286,0.11671506985855447,0.13702075312637016
Jarred Vanderbilt,0.1355466107503212,0.13232161320980587,0.14194307674287696,0.1404538195812437,0.14143157981644894,0.1476038648595982,0.1407967478716898,0.1416144504636293,0.12686235709565163,0.13705756679075906
Moritz Wagner,0.13960538271214523,0.147418875869415,0.13404348816864647,0.14080144952028023,0.13933368816931488,0.13707283022406436,0.14106830814368715,0.13927722915818713,0.13608942024066292,0.14591977181993432
P.J. Washington,0.1433317361913562,0.13689490775194132,0.1366835982814841,0.14037974360553812,0.14185798435486824,0.14175544579352,0.1401544939202172,0.14273618682653963,0.1343135970345532,0.13786977625746874
Trae Young,0.16525909762718735,0.129142091684905,0.1499580772943899,0.14173941559325767,0.13159665496189854,0.14143273759441166,0.15216003386807403,0.1458287964818007,0.09139381815628372,0.13914127429306863
Deandre Ayton,0.15418159080080773,0.13597166609187497,0.13119948868668513,0.14077962056200727,0.14162579166578199,0.14771245951258838,0.14107163873306372,0.1412006211883729,0.1182413253995721,0.14273537602442884
Luka Dončić,0.1434559903268695,0.13530501253995456,0.14280728654319647,0.14060617694214242,0.1409265564114634,0.14283768271866804,0.14003508016463811,0.1534914269517358,0.10343116859864636,0.16206579213647404
Goga Bitadze,0.14449405750835922,0.14570242658846289,0.13359748295658605,0.14078507711369267,0.13872048840194592,0.13787135916569804,0.14078455547782542,0.14061440093680103,0.12542495021094524,0.15113132943483856
Rui Hachimura,0.15219660254811332,0.13666252348680147,0.13975217963816733,0.14039445235442338,0.14176175484919398,0.14109133583432218,0.14068494443714508,0.14423144082223782,0.12626463153042908,0.15012808730870947
Terance Mann,0.11779190304365487,0.14598295770519376,0.14491102832179714,0.14092015473715816,0.1347669364825784,0.14375593980563553,0.14140184199292052,0.14081344029525203,0.13962053102293964,0.13623350106321744
Andrew Nembhard,0.1346962798862145,0.1437759012332338,0.13644044641139852,0.14077771946536768,0.13936489957951964,0.14662435485045688,0.14372354687883912,0.13913230606338695,0.10905758316090777,0.14609876643828734
Jalen Pickett,0.13793735011454172,0.13524539493417678,0.13289449886756607,0.14057181325991772,0.14038104796572354,0.13328681148087987,0.1413907146279732,0.13944107927317362,0.08668321811301352,0.13814732898318663
Bol Bol,0.13602697940959455,0.14160614796985285,0.14621635915163392,0.14072991431953563,0.1401847334698627,0.13622083331265414,0.14066782507231532,0.1452057188149739,0.12630078953124482,0.14800509000089299
Zion Williamson,0.16038239738515472,0.13933414272371272,0.1295049122995037,0.14074525897340337,0.13248014436417702,0.14146559802785624,0.14208057515176287,0.15964625325993617,0.09807753930493157,0.13054392295019748
RJ Barrett,0.15338899125827038,0.14365270290940135,0.1545920480139396,0.1407894738054411,0.14262257523057636,0.14315006007586323,0.14081883515659585,0.14103654920404238,0.12582492565943162,0.15243179901785528
Ja Morant,0.15196427529200981,0.1441046567685395,0.14171137668163833,0.14193222471616265,0.13599085410822703,0.146681676636896,0.15086825697779674,0.16431749773155677,0.10940690582876043,0.13862187496449496
De'Andre Hunter,0.15256324854995376,0.13519686486058732,0.13108247924073685,0.1405303275185609,0.14158043980956816,0.14558253649850428,0.14164176731867958,0.13892247473665884,0.13635363752561255,0.13907682855138004
Coby White,0.15001084195163997,0.14099914532259028,0.1454631706127068,0.14080255020179308,0.14383563187143977,0.14612973993021175,0.1417467353733137,0.13984388347987345,0.12614633192077798,0.1380603205063543
Brandon Clarke,0.14748813872371724,0.14542643391913543,0.14484811584738264,0.14060885589230657,0.14149212248776719,0.13689387452138238,0.1407031658993068,0.14056912767766827,0.1610069376072758,0.14731845760375323
Darius Garland,0.15334195362469805,0.14465593027337567,0.11844333577350534,0.14042419201108736,0.14227557321366008,0.13972721260854523,0.14311850545698046,0.1346942959524953,0.08332586112981466,0.13669487384379678
Jaxson Hayes,0.1608757449751568,0.1202874838308423,0.14660943030244727,0.14037557026717987,0.14060812084955138,0.14638142703919066,0.14133642681812028,0.14170947128914596,0.09264490076450774,0.127184960079149
Nickeil Alexander-Walker,0.14734730581181085,0.13148568512973663,0.13853569274090521,0.14082026615220267,0.14210920307725217,0.15832163246831366,0.14457491426214794,0.13977103298209848,0.1282695231952638,0.1478630089427886
Tyler Herro,0.14018588407878507,0.1465464393678641,0.14750619705271587,0.14069061072970881,0.14187631639638734,0.13876433835932797,0.1414795067706404,0.14317545212193325,0.1154170866637842,0.13869204119560524
Keldon Johnson,0.13580823726116525,0.14508191172140814,0.14128850233025264,0.14081037608480085,0.14008222972125522,0.1396075517862912,0.14133497737316417,0.13950305505586294,0.12838666504434362,0.13794576798754746
Chuma Okeke,0.14813512005992532,0.14322450133103448,0.13541764834609493,0.14044989758554438,0.14124005138549098,0.1432974345050158,0.14211152930866955,0.1400877316133195,0.12470162720977485,0.13655863664815626
Charles Bassey,0.13393138098437465,0.14358475220614997,0.14101179027079713,0.1407357679265092,0.1399365828758195,0.1374040151001498,0.14055457793833584,0.13913727089396766,0.13316561035647806,0.1471896303989789
Daniel Gafford,0.13574348482515264,0.13541621872908235,0.1353846247419563,0.14052060225088173,0.14177619680517106,0.14033848496921852,0.13975292840816203,0.14038200645401472,0.14156188765384112,0.13831880871297117
Quentin Grimes,0.13130568718830382,0.1268044160736668,0.12469540895375872,0.1406098660215841,0.1464226515916612,0.15289297480873149,0.14165535080246486,0.13945048542784785,0.11282175200027643,0.13590137425370688
Talen Horton-Tucker,0.12273760386872479,0.14315180276281914,0.14576521759752195,0.14078395269450128,0.14073481097056265,0.14689067192628016,0.14194675588607678,0.13939156855602194,0.10938100125138076,0.13859243272435265
Ty Jerome,0.14245246423432897,0.14125713659353256,0.13510457677319004,0.14049308925560558,0.14221089071821014,0.1441333194680491,0.14139258701199997,0.14000466951260673,0.1373291219049684,0.13928362695391983
Cameron Johnson,0.14285653126657188,0.16844046578487998,0.18840141347226946,0.14069878190225105,0.13850864589287265,0.12789819369662495,0.13628888865716624,0.13966297966251612,0.14811701242019806,0.13666921638278104
Jordan Poole,0.1357675125846601,0.1343265189995717,0.13927769430236694,0.1407357898696543,0.1416337900329775,0.14045433005632396,0.14042062615986026,0.14619170428559544,0.1338498881388759,0.13864052244682834
Neemias Queta,0.1279071526934339,0.13149571759778894,0.1353839378435182,0.14086491248248956,0.1410701290071214,0.1439041996827015,0.1416537907470009,0.1410044166371573,0.1169287940854269,0.1575422410351446
Matisse Thybulle,0.15390626968494225,0.1374741672485803,0.13415652176951587,0.14079531132775322,0.14118629665605756,0.14768599299867308,0.14112242092381086,0.14173086179908878,0.15555110696551935,0.13825728107461002
Grant Williams,0.1422928049851551,0.15427515963598,0.16269742749151428,0.1408516736209802,0.140912567419922,0.13603848442601302,0.1407985754185009,0.14044812715986632,0.10620041613112033,0.13755231210921226
Anthony Edwards,0.15257826153186363,0.12238210632920976,0.14268537152486563,0.14080146726643575,0.14056806261702456,0.14990407188995092,0.14392510488251767,0.13723310882874748,0.05489222033600091,0.13424650088858756
LaMelo Ball,0.1546677070112632,0.14569219695006114,0.1600841341890893,0.1422624480715154,0.1438655440587116,0.14330704617942425,0.15178051567413003,0.16458790477799845,0.07286011834070011,0.12823472932575278
Deni Avdija,0.14669486469179457,0.13813545880226702,0.13252878276621166,0.14077048177209847,0.14251092794238235,0.1496089489538691,0.14127187446096295,0.13949895072307456,0.10704525316385859,0.14893528690702157
Obi Toppin,0.1551415274269762,0.13498449986322633,0.13407828463156984,0.14076528323434054,0.14005696675356694,0.14247928362707304,0.14164211254948958,0.14123940877395968,0.13638486209617073,0.13605443223937472
Onyeka Okongwu,0.15012431725136566,0.1428685372710596,0.1485664480686339,0.14062671047869432,0.13619229503751007,0.14118382822241987,0.1407571179824866,0.13969213277910653,0.10768759316690218,0.13815345125683157
Tyrese Haliburton,0.14658557925600746,0.1309346318103002,0.1315354415116603,0.14253462929036187,0.13631098832979074,0.13802833119040947,0.15176241223941705,0.14947591939039487,0.09250514781077294,0.13901359626238555
Devin Vassell,0.1447659218629297,0.14551686478878406,0.1415440381050434,0.14086411045648684,0.14021657557488973,0.1421483921556976,0.1420716060795449,0.13856887862896186,0.10284901550873965,0.13736542521856993
Isaac Okoro,0.15220118771993002,0.1476966039288829,0.13315474565715804,0.14058663062370572,0.14208699439671849,0.14486045889539717,0.1415220010149802,0.14086278942420544,0.11695925692789294,0.1364654088012945
Patrick Williams,0.15070534075244285,0.14190545242035657,0.13980828751338134,0.14093398865549503,0.14232746537665295,0.146928007077489,0.1419746061808567,0.13743975491972674,0.115468758073658,0.13922326213893363
Precious Achiuwa,0.13864225756518656,0.12367765662647832,0.1290462411094254,0.14084035604838965,0.14399027128926845,0.17112235429544656,0.142662088365661,0.13991226891715472,0.11565066450916611,0.1486444816611158
Aaron Nesmith,0.1541092553501936,0.14535379853438263,0.13596454570681155,0.1408901077200234,0.1403758200545608,0.14061355358572078,0.14026730984285396,0.14016789165896157,0.12878873767613014,0.13582319843530463
Cole Anthony,0.15278428834177213,0.1405222815724186,0.13825884326502896,0.1404256745726197,0.1389378715844228,0.14315904063954635,0.14152915425559015,0.1412023465703391,0.1182599724622691,0.1385196808814884
Tyrese Maxey,0.13954328720142997,0.14636715266742936,0.1054317874173358,0.14078545857399125,0.14539129777922175,0.1483585479817646,0.14256263137706798,0.1172568085719051,0.07868355848233416,0.12946994508032186
Josh Green,0.14742182340311227,0.14154543376948192,0.13926147005368797,0.1407536175887885,0.14204786659526114,0.1385133557533268,0.14179505482974478,0.14068714824464942,0.13260221960885388,0.14348946429568507
Jaden McDaniels,0.1341685434885086,0.13179596415140749,0.1395741758076484,0.14079593144103328,0.14104010566550731,0.14702317078663074,0.14347831403513134,0.13968950317815418,0.10270349180773383,0.13938653687751287
Jalen Smith,0.15602516789598564,0.14218531738911955,0.14456158412997594,0.14077334821642043,0.1423860420404202,0.14714173718703072,0.14111751454363364,0.1387026502446459,0.13459070055311548,0.13480800842168633
Isaiah Stewart,0.14804238540919445,0.1613749820436275,0.14881113599040152,0.14068726473324583,0.14395177495893546,0.12933151878078525,0.13645636278740805,0.13997572575052125,0.11457436731702696,0.1367458639778677
Zeke Nnaji,0.15125832082396456,0.14034626023781563,0.1633992424162672,0.1406184829550469,0.1427963423534691,0.13870335264103303,0.14103780588400405,0.14022459015294558,0.1284952947374476,0.1385522918529336
Immanuel Quickley,0.1380670127261097,0.14407768796141035,0.1547370920029802,0.14083139979628884,0.14207078373420415,0.14329708832772337,0.1405923495228119,0.1392397625909757,0.11398268092073785,0.1385900754770583
Paul Reed,0.12346968348792067,0.16175616973867712,0.14715514651303244,0.14081053525340775,0.1443582407138481,0.12663588958549898,0.13828380337504212,0.14002920641185138,0.13921598614210157,0.13594582579929468
Isaiah Joe,0.13551694759386831,0.14176040296944062,0.14014711730961416,0.14086747929889187,0.13979654968365618,0.13726771722455142,0.14136019416384282,0.13989749848128746,0.13027008509405066,0.13999352130550194
Tre Jones,0.13256100196673334,0.14407866715855885,0.13994758807342314,0.14077824074102502,0.14278258128164556,0.14042096379791075,0.14059856995066994,0.1401948554577879,0.12600387607182378,0.13969703085400126
Payton Pritchard,0.13934868724849822,0.13558769966838916,0.14884563336179943,0.14086372759531224,0.1416731802665832,0.14090619401723897,0.14124581685869753,0.14129055483874892,0.1296702549159127,0.13811657019938747
Nick Richards,0.12624709685866015,0.1400393382249563,0.13934169720408135,0.14068931137165175,0.14000395843469032,0.13676545202452953,0.14079826420534752,0.140578853978362,0.14149372491768478,0.1423851830159708
Xavier Tillman,0.13331941741336228,0.1235651401772413,0.1271913328041749,0.14073531856540042,0.14157774425472372,0.1143531465749211,0.14099237569999293,0.13908711078752822,0.07291755288260263,0.13517446894822438
Jared Butler,0.12986156799951734,0.12729375225586048,0.12815026235687582,0.14062767619505623,0.14325880705764976,0.14368800851753757,0.14138194789993128,0.13800601459403622,0.12661763880128551,0.1383761319207229
Desmond Bane,0.12530564803453897,0.14588695095094,0.13129735156874445,0.14069215455561385,0.13924633547450765,0.12895011316836186,0.13892090651717384,0.13950258312303793,0.14533867426022495,0.13914469768338897
Jalen Green,0.1531259832984425,0.1384117529860064,0.13143310806393477,0.14079647531918726,0.13866843450468144,0.1314379890633584,0.13230616530257744,0.14898771597646426,0.07316504272816597,0.1377273975025174
Jonathan Kuminga,0.16507291255796516,0.12302308194448008,0.1216863128404648,0.14090121226749974,0.1401136728054618,0.11444804488240289,0.1314117721603109,0.13508155575258524,0.08167232969164048,0.15264407353052067
Sam Merrill,0.12026423633899228,0.13999910298122417,0.13628949826760298,0.14073267266686995,0.1418968578381086,0.14583062841429267,0.14231313584578315,0.14016939336932485,0.1496960271273374,0.13936577014857676
Ayo Dosunmu,0.1339461071585088,0.14320455728857323,0.13954090924281304,0.14079869783086907,0.14504448893212743,0.14497562070418982,0.14067654749154485,0.13991023496548863,0.12469141300180929,0.13881852408190162
Vít Krejčí,0.13628013837465408,0.13953740863872982,0.14036656392407376,0.14067191109226174,0.1366811917687008,0.14002995890030195,0.14098903024753368,0.13957260199196325,0.11772914663724718,0.14993164250962254
Jeremiah Robinson-Earl,0.13429746980201118,0.12557754382162284,0.11490601485439868,0.14075540921593493,0.13560106107828848,0.14397633243010483,0.14270377704305628,0.1393144156688751,0.12269428568387647,0.13481858482112408
Jaden Springer,0.14280320180649972,0.18288737790108855,0.16260566936880178,0.14094270308599482,0.13609182306475195,0.15053281129134893,0.14871409266701943,0.1404951268324064,0.04760564986492523,0.1388124722734354
Franz Wagner,0.15924307361150472,0.151818687508303,0.25765943432882393,0.14089053809132557,0.13834380194245405,0.13519212236989755,0.1414977904959448,0.11744876561198553,0.08570416577445357,0.157961160216195
Ziaire Williams,0.16708369747589114,0.1959221193639823,0.25307256930576183,0.14067142814971806,0.13842697267636847,0.12707233642177593,0.13454527520860313,0.1396570280250183,0.09467240864843267,0.13629735245652913
Ochai Agbaji,0.1604639198719027,0.1454908407708814,0.1461009866880264,0.1407160319958142,0.14459571714656644,0.14223716492916338,0.13963349550362253,0.1398208649984081,0.13481410835337834,0.12884237062834283
Miles McBride,0.1291325879578626,0.13613378329721665,0.1333533917371377,0.1408456523035455,0.14203124225271713,0.15096158636539345,0.1420376112552611,0.1394681871667735,0.10410242234593756,0.13958423384819948
Moses Moody,0.1539904518338787,0.13145926336810182,0.13236977197053068,0.1408450839288171,0.13967436996920718,0.11975838249617143,0.13082398681782634,0.14044665501632267,0.057815269000788816,0.1279521917342733
Isaiah Jackson,0.1567356287864083,0.1277764972812514,0.1234624026293391,0.14069035493561455,0.14047146188469373,0.1483210032793546,0.14430167657194648,0.14065607247141684,0.1040780874231273,0.13590747229944122
Tre Mann,0.15455398125403763,0.15032737602675503,0.1611028552568881,0.14088264932727976,0.1421836521155941,0.13707532669567987,0.14138102114579812,0.13887047810686537,0.10569682465919683,0.13590361774470325
Day'Ron Sharpe,0.13756130780325,0.18888024996184993,0.2699906038290787,0.1406172002189937,0.1376300260499363,0.13106784286091414,0.13508494391735115,0.1408202010974151,0.1121940103890319,0.1262849886094708
Jalen Johnson,0.14463926075102976,0.1304684445163908,0.13767530162642033,0.140613834116641,0.12815986473277363,0.14491585769022802,0.14149851496694527,0.1382974487640535,0.09819869666627351,0.13163005262442673
Keon Johnson,0.1467141475704568,0.20591276661234292,0.266679982963123,0.14097917296657625,0.1392392195768951,0.1366774474433985,0.13489137083043917,0.12869632392814717,0.08871415927905607,0.13846031029431322
Corey Kispert,0.15651943470221105,0.1375856396077271,0.12355211587043488,0.14103797320610587,0.146453594098558,0.14270176294430179,0.13988828556371383,0.13954316614235565,0.14350750306021917,0.13875998165848114
Davion Mitchell,0.1561199052051202,0.1266425855452288,0.13751903068553106,0.1408901716218675,0.14212032053926582,0.14723565343681472,0.14291247115127065,0.13967932548208487,0.12495006389257556,0.13640394793572527
Scottie Barnes,0.16074489664795444,0.14272721961123677,0.13113000785605977,0.1407435942114655,0.1426473707324291,0.1433036257259048,0.1415981107467464,0.12839772727984158,0.1018333127366989,0.13647022890622335
Luka Garza,0.1256231863523345,0.10646874625276831,0.14185088548703256,0.1412538954410146,0.14216379125705508,0.15699078989796675,0.14640228653055204,0.1404704927913034,0.14237021512585563,0.1254645571763456
Sandro Mamukelashvili,0.12372267372507055,0.14607247524496256,0.14425161245905754,0.14081335994160882,0.14048946020653513,0.13876987045105874,0.14137224901128945,0.14051900937299036,0.13914532979967037,0.14776604666878215
Ariel Hukporti,0.13622831740735425,0.13352790342849144,0.13086186662687327,0.14078150209344298,0.1425092026848618,0.15043972724089077,0.14181266622294783,0.1392690264931372,0.12084202998485273,0.1441654490914991
Alperen Sengun,0.1440542371246733,0.1319646094566226,0.15323119631543283,0.14101007741668065,0.13601421596273902,0.13546008850708988,0.14648154602312122,0.14151728799579444,0.05598811205180958,0.1563174854594393
Jericho Sims,0.129613271406095,0.13824345930079907,0.14469087130607927,0.14087781407061173,0.13864923202530255,0.1314091337986749,0.14065633448482348,0.14046110424974492,0.1315793607686877,0.1329189086798155
Josh Giddey,0.1563302313297121,0.13738837286474198,0.14515284312526677,0.1408192260716804,0.1481349766254632,0.15097444258935708,0.14193783686002803,0.13936677504549855,0.09496207973038273,0.1570112697432546
Santi Aldama,0.13445382995958638,0.14483350967401437,0.14951336875293655,0.14039590161240825,0.137881689278297,0.13676501255642087,0.14272279739892646,0.1395653699471878,0.1143867683663836,0.15667610581517946
Jalen Suggs,0.16775917459422474,0.1441933546120572,0.27142295325891275,0.14109969418803425,0.1377456384237486,0.136856432980488,0.14117552583053333,0.1384528476121389,0.09744418041696308,0.13742292947173293
Jalen Wilson,0.10387106951980518,0.2002683688912168,0.2605176398703176,0.14080092031589556,0.13857891964353858,0.12810171630059697,0.13365684439691727,0.1382319704901182,0.11751566004799761,0.13518746583419433
Cade Cunningham,0.15381787946710393,0.17621993647568185,0.1475028161699136,0.14253874138981978,0.1475703132951513,0.12630130988111904,0.14620123426925347,0.11870321937255733,0.08083990682303949,0.13405412036844871
Evan Mobley,0.16263951781186958,0.14107366366252067,0.1370257194405015,0.1403885838746298,0.1439758218411033,0.14681719409212915,0.14298655383819192,0.13727800812616064,0.09598478524912576,0.1372723802159423
Aaron Wiggins,0.1288727597742548,0.14490342733578856,0.14203771350320807,0.1408401664212542,0.14073664367788397,0.14235535614890305,0.14194050036457595,0.13980795166137058,0.1409769423266567,0.13696031413076962
Gui Santos,0.1262830388981667,0.13889283307494882,0.13155983891999354,0.14093319718954073,0.14040460010210956,0.13321963095774236,0.1370643237388822,0.14357884696217646,0.10779921842114205,0.14525396059447604
Dalano Banton,0.10536105370574653,0.13601090853202963,0.12725376474096717,0.14082071293617937,0.14349311075686846,0.1516069887427898,0.14128022115785419,0.13820193419804105,0.11756814160420251,0.16369805606843302
Dyson Daniels,0.1559876953714061,0.13959729480594762,0.14310860530946312,0.14065865840270325,0.13364321647377037,0.14971618423278082,0.1421347198750973,0.13780279640535875,0.08694436779834884,0.1592031166396797
Jaden Hardy,0.14095842762828206,0.1348551600271391,0.13637505385690366,0.14064933643303323,0.14100923716390604,0.14099706004530238,0.1403529472171434,0.1409364302592611,0.11253057421412463,0.13755539101216074
Scoot Henderson,0.16332293762656477,0.1406870207558555,0.12930523101492475,0.14087970855346485,0.1446986093232393,0.1537150332476696,0.1419999135030386,0.13480959090275957,0.051708476593209235,0.1360837081461291
Jaden Ivey,0.16179926341083697,0.16740434003570717,0.1211312705576661,0.1407836109685957,0.1474326082729776,0.12392280961749597,0.13547205197862075,0.13938206968421166,0.09224564947836118,0.1333452242928089
Paolo Banchero,0.148991852145462,0.1433961400107691,0.10992273063108332,0.1408422430205458,0.1374968487106655,0.12842081696077692,0.1393012148225419,0.12186449996238766,0.06468775413438481,0.13101635628332384
Chet Holmgren,0.18035244441304987,0.14331154337810761,0.14122234512928344,0.1410305513758575,0.13805870792073238,0.12932645906743395,0.14233733671562113,0.1442959454740818,0.08653333165041842,0.1372403600348261
Bennedict Mathurin,0.15307468522743664,0.14401603706689134,0.13809839593232148,0.14082169651920323,0.13756459948708522,0.14171805689683836,0.1420242989670634,0.13918277236850027,0.0817723506323009,0.16534726806868938
Keegan Murray,0.16130900212003976,0.15271976564095804,0.13310209375460685,0.14108025239662889,0.13747833913544194,0.12934924834439673,0.13796835930313975,0.13493820334397033,0.10349756417887798,0.13130880139129608
Shaedon Sharpe,0.14972688182110305,0.13525782030457323,0.1267818830360961,0.14084457387346255,0.1434493742212131,0.1507715021438449,0.1418634145424488,0.1374074129826477,0.06979115821675423,0.15911145636309654
Malaki Branham,0.16382808460058151,0.15922197770367127,0.14585957857812243,0.14088188699784285,0.13934433561937717,0.14499426860049064,0.14307448468315984,0.13998436417368448,0.09684919576737887,0.13753266463994193
Blake Wesley,0.1454056921621969,0.1529072216420092,0.13909103498781383,0.14086854359347084,0.13862058192250418,0.14214943762954743,0.1429200448641531,0.13896835383709055,0.11238435121754647,0.1280285937775679
Jalen Duren,0.15466606065778238,0.17857742830853424,0.1514893251691479,0.1406868114878139,0.14655053735692947,0.12707622317647424,0.1359863550179561,0.14025379407217636,0.05615741695540727,0.12242124036528715
Tari Eason,0.14521549882633325,0.1416249050485657,0.13559994854925328,0.1407147706259415,0.14378748254058182,0.1433370086190219,0.14318970463652356,0.1395719718310405,0.08014640601750264,0.12609571194533079
Nikola Jović,0.13896541286375577,0.12586651547429842,0.1199641686970493,0.1406850582777507,0.1439980617872751,0.14610673540908925,0.14236904259006194,0.14077375055062658,0.08089806560912781,0.1624675346322405
Max Christie,0.1277879757969934,0.13574777469793858,0.13417727644975372,0.14063896111011973,0.14311236009185307,0.14585838958671338,0.14052372500169882,0.14030261160667865,0.0810040350536314,0.13752674707876114
Mark Williams,0.14351158071251516,0.1450056096799583,0.168859255368106,0.1410638850062103,0.14144553595468892,0.13386124357163706,0.1413217873690133,0.13917854436571686,0.07295247232039959,0.1261216733912829
Jeremy Sochan,0.16427185506387124,0.14139163386476525,0.12484250470487589,0.14086398393974314,0.14136756655257438,0.13985382380960742,0.14209363196047012,0.14151750725371298,0.07420970589222589,0.1492028525476803
Jalen Williams,0.16050148788917826,0.14044862214708326,0.14078776752861752,0.14098685249976875,0.1389383447871633,0.14093786152919752,0.14370351361160638,0.13457521748099818,0.09267630263395767,0.13908437241557664
Walker Kessler,0.13904001736777089,0.15700589083718758,0.14965432857976785,0.14086027963534278,0.14224662345115227,0.15533891076121284,0.14304497959402723,0.13961703531903438,0.09033585371363725,0.11670509631908499
Jaylin Williams,0.1438852865715406,0.1450461888396874,0.13999449864768693,0.1407757728899785,0.13935973893973486,0.13586068711441873,0.1413250722809445,0.1406390808801448,0.1250174534783603,0.1378374253950957
JD Davison,0.12914071467679428,0.13491552510980215,0.13316330266622584,0.14069767531723468,0.1410569239285804,0.14519846049631965,0.14177114963233264,0.13934530788933613,0.10967168668359453,0.1386774986547865
Julian Strawther,0.13555931650590045,0.11924046958888013,0.13691535715271894,0.14065425799526085,0.143687271227385,0.14148955984533715,0.14322253665577367,0.1394498459378603,0.09977678965500142,0.135510452032974
Christian Braun,0.1321527366953369,0.12622258021479338,0.10273715796974234,0.1407646731410768,0.14535771016055848,0.15675952667016846,0.14082339787530612,0.13882899503554758,0.08964503152025899,0.13519776326029825
Jabari Walker,0.12327225754018106,0.14199972338831038,0.13231183550247758,0.14074285247029975,0.1411554685242757,0.14402802853809207,0.14037629611185254,0.14016381725342494,0.10648465721948003,0.13661902078276136
Ryan Rollins,0.13419234617008208,0.12951162107925634,0.13675186213170662,0.140640980627565,0.13886857817139853,0.1320795388078452,0.1406687546088985,0.14018898379120842,0.1086016304480859,0.13361932037566673
Leonard Miller,0.15201976859821695,0.09826523833104636,0.09787928830886786,0.1408852306829351,0.13921437226106703,0.12668634733658418,0.14860182943240305,0.13614604948367554,0.08447149631112466,0.16016880514770238
Josh Minott,0.13583874841875562,0.1270373746502308,0.1385114032397426,0.14079129431785867,0.1404158470954231,0.15130102400746595,0.14229419185187173,0.14029608726534942,0.12404833816932379,0.1383647310149866
Ousmane Dieng,0.17482478283737182,0.14454840654681694,0.11329738465250992,0.14080982582213106,0.13870623893446313,0.13892286391772354,0.1437990272628066,0.13930373712468655,0.0856011161393715,0.1644365127223827
Kris Murray,0.15106935782499376,0.14398208064088477,0.124851804864914,0.14094890817695688,0.14402196405102022,0.14783778114783905,0.14200256052852916,0.13981834360263332,0.12842062459158052,0.13831975443199995
Marcus Sasser,0.15204665356902883,0.1721997239644939,0.14499165292053795,0.1405914184618549,0.143472303876729,0.11197889595577105,0.13534136015757103,0.1402605704997789,0.1320925313742004,0.13751946741169488
Dalen Terry,0.15899986554415968,0.13888852949904945,0.14566974556114093,0.14094306044208177,0.1427561433579009,0.1515914528484295,0.14268679613149796,0.11089553655230398,0.12839860203645265,0.1289046556745831
Peyton Watson,0.1329166785781033,0.1216687319594954,0.2780564742715668,0.14062101176708297,0.1439139114368001,0.14446893157609061,0.14438026279099217,0.14048302902615703,0.09627947298726755,0.13668238247335449
Tyrese Martin,0.12682411858457773,0.15753275112482126,0.17193322373136152,0.14067711602516078,0.1396558045939233,0.13305096409315922,0.13603962880690976,0.13756069074970947,0.13994613036881753,0.13778386387634703
Caleb Houstan,0.13982996399444003,0.14942891107955486,0.1490307630415008,0.1407934923349637,0.1392778689781417,0.13522893639158567,0.13899609164708096,0.14000130361422247,0.12174984551017078,0.14745182840743382
Moussa Diabaté,0.12961425547542374,0.14350227570284194,0.15522385987925505,0.14076606412007708,0.1416052851436006,0.13859466355864267,0.1406689774904581,0.14016035544662303,0.12249290094454365,0.14320382198172682
Trayce Jackson-Davis,0.10762806518744517,0.121717813074769,0.12202168780011641,0.14075506626124068,0.13750082178382889,0.11785962673861627,0.12948374609915814,0.14096274031276598,0.11217543260071206,0.12812849540624677
Jake LaRavia,0.15589984777139113,0.13390469690387632,0.11911031926338553,0.14075633221778575,0.1385406759694264,0.12403511269016551,0.13816761403896144,0.14055149691390764,0.13806138454814443,0.13216997829713914
Mouhamed Gueye,0.12520759654164276,0.1458315875886983,0.142361694512817,0.14115059766796392,0.13445074228880438,0.1445395472154011,0.14230440030987934,0.1388467938157789,0.10030683432229782,0.1519331233577224
Baylor Scheierman,0.1358467365215039,0.11763097642090005,0.13345334609766232,0.14109326457505345,0.14025894698760313,0.14854535902150895,0.14339322466136648,0.13922235065428032,0.0923286190763131,0.13754077442845
Karlo Matković,0.13108008651599362,0.1337987538211024,0.1341062657318378,0.14072179194356566,0.13788973911886232,0.1422357481683153,0.14133047292508352,0.13997572575052125,0.12787886543195864,0.14658065917582028
Victor Wembanyama,0.15147377039978227,0.15176690927494219,0.15048347847543678,0.14099534058216515,0.13986067669585026,0.1433945011327524,0.1442761805350475,0.16050510392990813,0.044312814922548696,0.15786479006183038
Brandon Miller,0.16647172850328018,0.14577131792942366,0.16125079298330308,0.14095592100339355,0.14165002517712483,0.1366814413655451,0.14149908003588982,0.13854026920639534,0.052010730079501646,0.13685618887722129
Taylor Hendricks,0.16792615550157217,0.16380141887488678,0.14093791384460308,0.14099417076277193,0.14076126436492006,0.13844406685468832,0.1444925255817521,0.13864592650330532,0.06864305908692546,0.13665949653932033
Amen Thompson,0.16656149183512475,0.18643673981805337,0.1497702149072494,0.14066668961287548,0.14621029806244398,0.12248091681228701,0.13781026962807819,0.1415356490025823,0.08176934254690654,0.12750933120620453
Ausar Thompson,0.17214753804456595,0.16573153300436194,0.14344150038252085,0.14065506235399944,0.1452436193441738,0.12105220770780789,0.13643770076428802,0.14103747004384837,0.09236127834495048,0.12905202176490232
Anthony Black,0.16370426907485158,0.15086583634598857,0.15012614728602125,0.14076690392654703,0.13748444530229603,0.13766972950446646,0.14466001020930058,0.1312668982848183,0.044615112908160476,0.13809566929899647
Gradey Dick,0.15123629734705318,0.15271241437113786,0.15513242143299802,0.14103379956888926,0.14657603915007786,0.14721555699023028,0.1444343932983633,0.1364668642909278,0.05658033045417872,0.13609230930934557
Rayan Rupert,0.13717805381567869,0.14199945349411228,0.11831367643044849,0.14094393440086886,0.14538359467744483,0.15632472733471553,0.14169144631654262,0.13979039391016884,0.08945128238960903,0.15230830720392194
GG Jackson,0.11498899875351724,0.15238543934077342,0.156303247457595,0.14057072588262692,0.13965635801748394,0.1373212231688824,0.14071479080936775,0.13948316094158295,0.05719012556017061,0.13603089997277495
Cam Whitmore,0.1452007955122661,0.13913992409252862,0.1380877543476803,0.14122637541709607,0.13715146889648566,0.14494243007288243,0.1454116083633091,0.1397630594891383,0.03321518449600422,0.13734480845659974
Jarace Walker,0.16631612245737057,0.13381699089278243,0.1326627318868232,0.14076181436797208,0.13625219086248244,0.14427191313390667,0.1408113644106411,0.14058021066115511,0.08554344188295618,0.13587178414838127
Cason Wallace,0.1689148281112928,0.15548024266862007,0.14174415009885505,0.14138369444099885,0.1387664305200097,0.1397394041134515,0.1438987722414045,0.139276469028738,0.0755792538233563,0.13852889699868612
Keyonte George,0.14054298932916084,0.1513787527641566,0.15254572427500102,0.14081109129359587,0.13939662917735368,0.1537991739748357,0.14393400793550457,0.1270068410436286,0.03327286597213659,0.13785115084555438
Maxwell Lewis,0.12471932607658737,0.20740025974750342,0.2557403910692638,0.14090504424648229,0.13806587914426285,0.12969448168302783,0.13489727302932852,0.13978841112547302,0.08787168193721911,0.13864094083501777
Jordan Hawkins,0.16081729141111628,0.13480500662091327,0.12461061714424326,0.14077694135683902,0.13565368850896461,0.14451389169631035,0.14194596966025913,0.1382825165777779,0.07857307803114594,0.1360882024134134
Kobe Bufkin,0.1584272842615133,0.12920262434894464,0.14069315133404017,0.14058833647502914,0.12984625949337636,0.1433615863885771,0.14316015110763702,0.13699459536088332,0.09365756927301613,0.12751954269417481
Jett Howard,0.16164499541232016,0.16115197803235323,0.25375696508853485,0.14100973125903293,0.1369380567851311,0.1319468069428919,0.14044729433787478,0.1399733705968194,0.021884798369878125,0.1366559580213465
Dariq Whitehead,0.15724857292043284,0.2072054794703334,0.2592719434003151,0.14065120756071964,0.13538252577404308,0.12322421412819014,0.1335750169371894,0.13964387821924445,0.037761694342970914,0.13626955588849624
Brice Sensabaugh,0.128561475650377,0.16349082299344353,0.16124575371210242,0.1407736482481983,0.1387085702105695,0.15135915984083634,0.1421363861027956,0.13944450464850125,0.0614096701264874,0.13780916083466757
Noah Clowney,0.14416034098968858,0.18111250619446614,0.2482678100634092,0.14068114240575255,0.13648111620145353,0.1140139583823804,0.13385554507760103,0.1380869284844993,0.04842031831050843,0.1350656575883284
Bilal Coulibaly,0.17022319619864285,0.14091263348830985,0.11331034992384892,0.14111828914044244,0.1443678159819106,0.14340989948399058,0.14261861233686643,0.12682954419512188,0.0823085138158795,0.16337686244006175
Colby Jones,0.13982884494648892,0.14362046314846005,0.13945200921820872,0.1407859428099403,0.14367722579317954,0.14606795003256967,0.14124582619750342,0.1390815199035466,0.11585693634254168,0.13732997915261586
Adem Bona,0.13522225473206811,0.13696362013100843,0.12436874667632768,0.14065442892425595,0.14565592171106076,0.11221190165311834,0.1410094692390987,0.14048784910433426,0.08325175361687118,0.15171842452855563
Kobe Brown,0.1290222071640213,0.15061490913676373,0.12780244105300514,0.13873675754531886,0.13847796571396973,0.11477940508268455,0.12380065026863789,0.13896877210241318,0.08421379813238775,0.1311292382761866
Toumani Camara,0.106082869065219,0.149400987861619,0.1291659886133564,0.1407553164461891,0.14331097692511707,0.16255866553855453,0.14100715425591073,0.13896731683625543,0.11575529578340715,0.15855834511946967
Jaylen Clark,0.13067007346835402,0.1285131393919847,0.1417960997231689,0.14077037104347684,0.1406568174976368,0.1432011189421736,0.1404037053974367,0.14011330947702072,0.12616633304662814,0.1391470359543125
Zach Edey,0.16871662994533523,0.15105729381629193,0.14877307673109408,0.14037079353135104,0.1427359367144328,0.135108664498149,0.1405881785076032,0.14058809547902482,0.10696800200104326,0.15503879414476984
Bobi Klintman,0.13535935673538546,0.1472738595362398,0.14238687878055656,0.1406910655884343,0.14198469139727093,0.13393957558121278,0.1392560758654095,0.13970240674920612,0.12403124072546776,0.14413532543691765
Chris Livingston,0.11180433487490762,0.12690237482401306,0.13559044118013794,0.14061104303798827,0.13820126499680785,0.11431965105325623,0.13717248321394107,0.13872238743664606,0.09448241930597293,0.12728918076867932
Jordan Miller,0.12858459440567047,0.14026947605715978,0.13529945234845187,0.1393400741054432,0.13966359247041676,0.12278159111018815,0.13443408948617205,0.13979335664312018,0.1205312032847572,0.1373293052597765
Julian Phillips,0.1236937037357785,0.16360746674843163,0.14939313085740527,0.14087881982076217,0.14976341870143714,0.14365003636060603,0.1412150877513609,0.1400797285337347,0.09112551850569306,0.13193282335250922
Brandin Podziemski,0.15218080048289453,0.12564219016478645,0.1249536067249759,0.14074297335182398,0.13923557798642938,0.12448583378181194,0.13433883764794763,0.1406602486878795,0.06623100065865281,0.12563929042119615
Olivier-Maxence Prosper,0.15342628204168599,0.13315758317244655,0.13390436713869328,0.14031092572557155,0.14236032963898487,0.13932107005508654,0.13931797143768299,0.13879347716090298,0.10285384658471411,0.15274690526227416
Ben Sheppard,0.1387598426251011,0.13972101200899292,0.12322128205485136,0.14085130737867432,0.1391975909247033,0.1390341083382078,0.14120476388116715,0.1403705195288052,0.10720756513341587,0.13956070259127704
Jordan Walsh,0.12549893278561083,0.12392681659530438,0.1436233362474716,0.14082552881653088,0.14193550160030013,0.14698816608212142,0.1419415108077654,0.14044373399684704,0.04045176672559114,0.1360953924642191
Dillon Jones,0.13625506721975994,0.14965559524067826,0.1424877424627752,0.14100859076505515,0.14093260044748346,0.15059364944541254,0.146270597955089,0.1396862179763605,0.0846200309459505,0.13094475905556943
Pelle Larsson,0.12078347448266655,0.1322536770093386,0.13395742724970638,0.14079011146595022,0.1430467579824571,0.1464244518616236,0.14273319582197577,0.1400886249780705,0.10143949320695181,0.1559122679333591
Antonio Reeves,0.12056141742802455,0.1387240542786859,0.133437709881118,0.1410181765249984,0.13561942815987282,0.14122697324718003,0.14347474834477905,0.13943905465013157,0.1018721474943676,0.13700528497879222
Hunter Tyson,0.13647984945061944,0.13149564303383798,0.13191876156262228,0.14065812902682157,0.1446063443221229,0.14407591413012888,0.1413093678699096,0.1388717561895808,0.12488084152240167,0.12598424337786499
Matas Buzelis,0.15609129489899803,0.1488880101519779,0.14500577309661167,0.14078460231556247,0.14877294528046725,0.14864511578949405,0.14222711581193706,0.1407822377393896,0.07246550406827584,0.13270447324076912
Tyler Smith,0.1469895638080112,0.12367004029551568,0.10771358361072694,0.1407468582219413,0.13851592758195794,0.10670305282202563,0.13960130312493643,0.14034859133517835,0.08545829399923865,0.1353408456845762
Zaccharie Risacher,0.17148736052845567,0.14603817338182704,0.14408956829730057,0.14095297537694312,0.13549586484621237,0.14581424606306795,0.14158970808859733,0.13952673430090248,0.07242073469208786,0.15480430004500906
Alex Sarr,0.17434257019628607,0.13251246912565098,0.14456283884264629,0.14090767001597307,0.14513053805849735,0.14312165193130788,0.14042066060168473,0.12550084670953504,0.05395017877534149,0.15921773099402964
Dalton Knecht,0.14195976802615096,0.12086443304990499,0.1364768190452283,0.14034306214310968,0.1426573390170391,0.15112948932086595,0.13936622015639782,0.14115805631411485,0.08183182441698186,0.1305732868185886
Cody Williams,0.15934138064588413,0.16308423101371242,0.1690394247174222,0.14092835123942807,0.1410564430755018,0.1519117850543669,0.14147744464688639,0.13843494719620741,0.07749233662359645,0.13043139635573567
Reed Sheppard,0.17914746031063003,0.1533949086138942,0.1480803872140809,0.14115684893646568,0.13857327336454595,0.13474977623709056,0.1411028592226466,0.14073875162979224,0.07987410312843027,0.12911913436447167
Stephon Castle,0.1613576700536061,0.15389708914196784,0.14106021968196225,0.1408484423520771,0.1390239992232391,0.14444022445683427,0.1433604648355861,0.1272224815352855,0.04258855416980646,0.13838983663508359
Rob Dillingham,0.16832281720255382,0.10934062154126015,0.10492734909285958,0.1407718982275449,0.14035557786932457,0.15445775774700674,0.14254617230430106,0.14277267948815306,0.07523360588536704,0.12746279896088
Ja'Kobe Walter,0.16334195254041023,0.14425109774085268,0.1671847500650745,0.14087012113102537,0.1459729539307941,0.14755522940421345,0.14584323079941022,0.1391330760889576,0.062246606490702294,0.1300196673493269
Bub Carrington,0.15774277191677283,0.12933460547791867,0.11487103916211681,0.14113172627192386,0.14428607000199248,0.1456438974938339,0.1426029033562195,0.1288126833417981,0.046228293608627444,0.1384667945208657
Isaiah Collier,0.1380925913758894,0.16038139659447134,0.15592665729648342,0.1407754178656822,0.138924141321292,0.14913528380395868,0.14251885360914163,0.13342710995116397,0.04892367821486933,0.1386256014332692
Devin Carter,0.16224940883566719,0.1482386960066698,0.13353078591063677,0.1410970901414208,0.13645163800016205,0.1264682543728767,0.13967696173000296,0.14022892463102926,0.08051967448798451,0.12592131123197428
Donovan Clingan,0.164542182222957,0.13036278105129595,0.13477072610938348,0.14073785241083486,0.14426255800240603,0.15630172294435227,0.14186347608904587,0.14041406123290154,0.06822946927961568,0.12809181674665043
Kyle Filipowski,0.13749457519948483,0.15065466396276816,0.13926957377110136,0.14075586040475657,0.13931360529614992,0.14714754791558998,0.14164755862490885,0.1386527998439832,0.1057608413046698,0.1332461998876126
Jared McCain,0.14792245355128353,0.13183209541131818,0.12357987477738375,0.1406738693513321,0.14509299240768175,0.1504304952659051,0.14119164454485358,0.14902954827332984,0.07085698273798124,0.1351342572105754
Kyshawn George,0.14497160293050634,0.12942839961112998,0.12175117179883223,0.14090611069672682,0.14651883907890642,0.14478538723051315,0.14064469984153746,0.13543051458048258,0.07527481278553143,0.15952248809732827
Yves Missi,0.1357696400559249,0.13589544716278065,0.13558725741286953,0.14066681560103875,0.13448166282323323,0.14608814775261048,0.1421604656981705,0.13861261042522505,0.05017396065602288,0.14595372527714004
Tidjane Salaün,0.16906721977837474,0.14367295994814178,0.15136771744629596,0.1410795775873862,0.14193285341382156,0.13172031358793354,0.14061696198311952,0.13902047286124006,0.05771545311098092,0.15773883176364267
Kel'el Ware,0.14837277346617814,0.13414666061041258,0.1350513256798888,0.1406452734096549,0.14300489524771276,0.1396954360131474,0.14128227919107084,0.1396521703552847,0.054062144600814266,0.1257194669448857
Johnny Furphy,0.1390757748318444,0.1414279084009497,0.1366493403334378,0.14078538605849084,0.13868857241912175,0.1399261823920416,0.1420103930631833,0.14016253814137397,0.12244340193863294,0.1451973996123848
Tyler Kolek,0.13926022187932166,0.13631345277369913,0.13680860952769572,0.14085001822327564,0.14090083317943625,0.15071164721677585,0.1412636992836214,0.1391985990517948,0.12784101208907728,0.13910371045649614
Jaylon Tyson,0.1562785396256858,0.1332478507914507,0.12676302678047113,0.14063516495387954,0.14327431717366487,0.15341280893689746,0.14485602925688335,0.13899840170449415,0.08364114177577393,0.12457051874423425
Oso Ighodaro,0.11699841329871144,0.15018966186195848,0.14236115961507953,0.14092163432235025,0.1384958994524157,0.14435702070811723,0.14293997590764512,0.14009977382758965,0.02272462910335686,0.12924120926563681
Ryan Dunn,0.13410827339466233,0.13582407629162782,0.13081981502130902,0.14076392354427583,0.14013086658208646,0.1406107209694994,0.14137677489435632,0.13971571318263293,0.0797782723030409,0.13332230891867852
Jamal Shead,0.13158192933597607,0.14193241132107712,0.15203414641672916,0.14095612632033594,0.14198157159556868,0.14130103197618674,0.14166113130004443,0.13825436287520726,0.11564575415411724,0.13925084315487554
Ajay Mitchell,0.135506387290921,0.13654024696424885,0.1361529119473785,0.14090582429585397,0.1398363412025888,0.14193490151660093,0.14362486069559324,0.1402282603029611,0.10722642864362568,0.14797576563853845
Bronny James,0.10333596998635913,0.1386395842024524,0.15170031321309177,0.14045441230243377,0.14224430850540912,0.14113903191307187,0.13938941598995486,0.18253312538917338,0.0,0.13577346814230196
AJ Johnson,0.14084946357372782,0.14185739015689836,0.14700460273455862,0.14089636366641628,0.14431818687700992,0.1477704281352397,0.14434431898063285,0.1390676818442033,0.04999428734660216,0.13302931135239865
Pacôme Dadiet,0.14388287469923913,0.13064726168294932,0.13377679056542446,0.14089375914820754,0.14511169229569523,0.18062406351895166,0.1422055115410322,0.13983237153876923,0.07210335230939423,0.15733626331246095
Quinten Post,0.11715968353959927,0.13229349853402714,0.13259224823765597,0.140811606746034,0.13902418244625103,0.12359164537599966,0.13452517094983266,0.14041630910453376,0.1198221444940061,0.1481171898266398
Jonathan Mogbo,0.14303553327326035,0.1439966623041516,0.15492036991637706,0.14077489775840493,0.14278572494654299,0.1410017322773805,0.14019975283989103,0.1389690617899407,0.11370564087774554,0.13747251666602128
Jaylen Wells,0.11976646393022122,0.1527625395651129,0.14970945505308356,0.14058629825634344,0.14029660064311095,0.13609056861984195,0.14085674623634817,0.13909533973036403,0.07401106588549182,0.12173015076157041
